﻿<?xml version="1.0" encoding="utf-8"?>
<component format="1" id="azure-messaging">
  <name>Azure Messaging</name>
  <publisher>Xamarin Inc.</publisher>
  <publisher-url>http://www.windowsazure.com/en-us/develop/mobile/</publisher-url>
  <version>1.1.5.6</version>
  <summary>Send Push Notifications to your iOS and Android apps</summary>
  <samples>
    <sample id="AzureMessagingSampleAndroid">
      <name>Android Sample</name>
      <summary>Android Sample</summary>
    </sample>
    <sample id="AzureMessagingSampleiOS">
      <name>iOS Sample</name>
      <summary>iOS Sample</summary>
    </sample>
    <sample id="AzureMessagingSampleiOS-Classic">
      <name>iOS Sample</name>
      <summary>iOS Sample</summary>
    </sample>
  </samples>
</component>